Country,Year,Electricity_Consumption
Australia,2010,220091.029
Australia,2011,223451.837
Australia,2012,222415.4
Australia,2013,218899.242
Australia,2014,225954.139
Australia,2015,231493.3682
Australia,2016,232779.5997
Australia,2017,234813.7943
Australia,2018,235730.21169999999
Australia,2019,240248.94329999998
Australia,2020,240108.288
Australia,2021,241809.4625
Australia,2022,245939.26870000002
Australia,2023,245632.5275
Australia,2024,258588.4897
Australia,2025,257324.3621
Australia,2026,43697.5228
Austria,2010,62071.792
Austria,2011,62132.289
Austria,2012,62952.100999999995
Austria,2013,63546.712
Austria,2014,62557.417
Austria,2015,63583.965
Austria,2016,64527.2831
Austria,2017,65569.8692
Austria,2018,65860.256
Austria,2019,66060.2201
Austria,2020,63784.819
Austria,2021,66923.5752
Austria,2022,65994.6069
Austria,2023,64516.0469
Austria,2024,65425.4458
Austria,2025,66842.48670000001
Austria,2026,12428.2928
Belgium,2010,85967.999
Belgium,2011,83412.999
Belgium,2012,83867.0
Belgium,2013,84161.997
Belgium,2014,82087.699
Belgium,2015,83101.701
Belgium,2016,83183.7
Belgium,2017,83766.1999
Belgium,2018,84222.7999
Belgium,2019,83291.3
Belgium,2020,80897.5
Belgium,2021,83912.4001
Belgium,2022,79659.6
Belgium,2023,76965.1999
Belgium,2024,79910.4999
Belgium,2025,80609.0589
Belgium,2026,14728.5947
Canada,2010,511135.0
Canada,2011,523950.0
Canada,2012,517277.998
Canada,2013,533968.999
Canada,2014,538339.0
Canada,2015,545460.001
Canada,2016,549538.1187
Canada,2017,546774.2629
Canada,2018,558287.057
Canada,2019,553153.5217
Canada,2020,543122.0179
Canada,2021,555601.4331
Canada,2022,562145.5922
Canada,2023,562704.2534
Canada,2024,570136.5103
Canada,2025,590597.8082
Canada,2026,114998.312
Chile,2010,54325.001000000004
Chile,2011,59234.001
Chile,2012,62341.001000000004
Chile,2013,64853.998999999996
Chile,2014,65087.998999999996
Chile,2015,68322.001
Chile,2016,71324.9244
Chile,2017,72839.0868
Chile,2018,76396.3611
Chile,2019,78529.8272
Chile,2020,78319.205
Chile,2021,81334.895
Chile,2022,84074.3709
Chile,2023,82724.0961
Chile,2024,84249.7365
Chile,2025,84761.7871
Chile,2026,13905.097
Colombia,2014,62375.299
Colombia,2015,68588.995
Colombia,2016,67979.4311
Colombia,2017,71599.0911
Colombia,2018,69638.9115
Colombia,2019,74113.6277
Colombia,2020,71969.4492
Colombia,2021,73534.6342
Colombia,2022,75018.0839
Colombia,2023,76340.673
Colombia,2024,79225.198
Colombia,2025,80786.901
Colombia,2026,12806.2988
Costa Rica,2021,10449.382
Costa Rica,2022,10686.919
Costa Rica,2023,11138.7358
Costa Rica,2024,11730.4921
Costa Rica,2025,12533.077000000001
Costa Rica,2026,2023.9105
Czech Republic,2010,58093.776
Czech Republic,2011,57515.021
Czech Republic,2012,58020.191
Czech Republic,2013,57575.676
Czech Republic,2014,57605.998999999996
Czech Republic,2015,58674.0
Czech Republic,2016,59774.444
Czech Republic,2017,60949.509
Czech Republic,2018,61347.904
Czech Republic,2019,61216.774
Czech Republic,2020,59132.4071
Czech Republic,2021,62190.199
Czech Republic,2022,59974.2759
Czech Republic,2023,57477.119
Czech Republic,2024,57142.116
Czech Republic,2025,58431.9162
Czech Republic,2026,11375.6782
Denmark,2010,33113.0
Denmark,2011,32667.744
Denmark,2012,32264.388
Denmark,2013,32306.123
Denmark,2014,31696.25
Denmark,2015,32067.298000000003
Denmark,2016,32265.482
Denmark,2017,32542.4
Denmark,2018,32228.3181
Denmark,2019,32630.005
Denmark,2020,32345.109
Denmark,2021,34775.1809
Denmark,2022,33456.9909
Denmark,2023,34159.6301
Denmark,2024,35872.7627
Denmark,2025,38667.3721
Denmark,2026,8078.0465
Estonia,2010,7430.999
Estonia,2011,7156.0
Estonia,2012,7407.999
Estonia,2013,7332.001
Estonia,2014,7417.001
Estonia,2015,7439.9980000000005
Estonia,2016,7675.7071
Estonia,2017,7745.5645
Estonia,2018,8299.9009
Estonia,2019,8266.2579
Estonia,2020,8585.7423
Estonia,2021,8099.8227
Estonia,2022,7306.9719
Estonia,2023,6996.2934000000005
Estonia,2024,7138.4373
Estonia,2025,7312.8926
Estonia,2026,1591.1294
Finland,2010,84959.739
Finland,2011,81572.298
Finland,2012,82241.74799999999
Finland,2013,81466.453
Finland,2014,80658.752
Finland,2015,80055.525
Finland,2016,82556.19159999999
Finland,2017,82700.17970000001
Finland,2018,84444.9957
Finland,2019,83032.4103
Finland,2020,78553.4415
Finland,2021,83897.4005
Finland,2022,78862.08840000001
Finland,2023,77128.9878
Finland,2024,80031.4649
Finland,2025,82204.2615
Finland,2026,18026.930500000002
France,2010,471574.848
France,2011,447899.926
France,2012,458872.126
France,2013,463432.93299999996
France,2014,438832.517
France,2015,448047.094
France,2016,454717.136
France,2017,452017.0251
France,2018,448842.7259
France,2019,444922.8309
France,2020,422590.25
France,2021,442285.0391
France,2022,424435.1834
France,2023,407108.3026
France,2024,407038.5919
France,2025,413156.45
France,2026,82233.8102
Germany,2010,546866.001
Germany,2011,539891.001
Germany,2012,538206.0
Germany,2013,536440.001
Germany,2014,524827.001
Germany,2015,528350.002
Germany,2016,530551.0002
Germany,2017,531318.0001
Germany,2018,521808.9998
Germany,2019,507542.9999
Germany,2020,492822.0001
Germany,2021,510102.0
Germany,2022,487689.0071
Germany,2023,473736.0
Germany,2024,481652.9999
Germany,2025,479828.8754
Germany,2026,86029.9527
Greece,2010,55275.998999999996
Greece,2011,53945.311
Greece,2012,53559.0
Greece,2013,50497.999
Greece,2014,51185.0
Greece,2015,52445.001000000004
Greece,2016,55033.705
Greece,2017,55614.428
Greece,2018,51096.149900000004
Greece,2019,51735.304000000004
Greece,2020,48847.365
Greece,2021,51044.9581
Greece,2022,49106.7649
Greece,2023,48099.4331
Greece,2024,50862.191
Greece,2025,47544.236000000004
Greece,2026,7712.4221
Hungary,2010,36006.85
Hungary,2011,36392.443
Hungary,2012,36633.908
Hungary,2013,36244.62
Hungary,2014,36899.999
Hungary,2015,38141.031
Hungary,2016,38693.0083
Hungary,2017,40150.0
Hungary,2018,40881.9999
Hungary,2019,41428.9998
Hungary,2020,41452.0
Hungary,2021,43850.0
Hungary,2022,43179.359899999996
Hungary,2023,42381.5219
Hungary,2024,44128.062
Hungary,2025,44204.5219
Hungary,2026,8196.4583
IEA Total,2010,9585905.357
IEA Total,2011,9546675.039
IEA Total,2012,9519889.789
IEA Total,2013,9544065.833
IEA Total,2014,9526937.648
IEA Total,2015,9590621.5892
IEA Total,2016,9669155.0387
IEA Total,2017,9667174.1467
IEA Total,2018,9891842.5479
IEA Total,2019,9748598.1708
IEA Total,2020,9544496.6174
IEA Total,2021,9806229.324
IEA Total,2022,9908614.9111
IEA Total,2023,9707332.476
IEA Total,2024,9990351.6567
IEA Total,2025,10189790.2113
IEA Total,2026,1790139.0542000001
Iceland,2010,16047.0
Iceland,2011,16348.001
Iceland,2012,16809.999
Iceland,2013,17626.0
Iceland,2014,17305.0
Iceland,2015,17982.0
Iceland,2016,17682.608
Iceland,2017,18255.294
Iceland,2018,18878.324
Iceland,2019,18588.5091
Iceland,2020,18238.4919
Iceland,2021,18661.714
Iceland,2022,19157.499
Iceland,2023,19255.977
Iceland,2024,18743.288
Iceland,2025,18221.0055
Iceland,2026,2958.6848
Ireland,2010,25524.309
Ireland,2011,24824.212
Ireland,2012,24543.167
Ireland,2013,24755.97
Ireland,2014,24932.561999999998
Ireland,2015,25684.347999999998
Ireland,2016,26311.2379
Ireland,2017,26838.3139
Ireland,2018,27591.1683
Ireland,2019,28161.836
Ireland,2020,28512.178
Ireland,2021,29677.9529
Ireland,2022,30419.938000000002
Ireland,2023,31329.553
Ireland,2024,32712.9451
Ireland,2025,34142.2571
Ireland,2026,6243.08
Italy,2010,309883.241
Italy,2011,313787.085
Italy,2012,307217.382
Italy,2013,297289.391
Italy,2014,291083.935
Italy,2015,297180.421
Italy,2016,295508.62
Italy,2017,301880.516
Italy,2018,303442.97
Italy,2019,301803.8529
Italy,2020,283814.5427
Italy,2021,300886.928
Italy,2022,295864.8119
Italy,2023,287339.6946
Italy,2024,292899.0287
Italy,2025,289681.1112
Italy,2026,49722.5271
Japan,2010,1055081.65
Japan,2011,1018990.175
Japan,2012,1022889.666
Japan,2013,1003071.157
Japan,2014,999695.517
Japan,2015,984138.69
Japan,2016,977314.48
Japan,2017,975171.0292
Japan,2018,981159.8012
Japan,2019,945380.6645
Japan,2020,908821.5775
Japan,2021,928233.1609
Japan,2022,938142.5772
Japan,2023,893661.4092
Japan,2024,905037.7962
Japan,2025,917359.2208
Japan,2026,169712.2733
Korea,2010,458695.007
Korea,2011,481462.4
Korea,2012,492265.749
Korea,2013,497750.909
Korea,2014,505091.962
Korea,2015,506161.335
Korea,2016,515275.7202
Korea,2017,524615.559
Korea,2018,542817.1456
Korea,2019,538421.3829
Korea,2020,539266.0751
Korea,2021,570221.5231
Korea,2022,577779.088
Korea,2023,570439.5661
Korea,2024,603725.583
Korea,2025,603927.3355
Korea,2026,103684.5132
Latvia,2010,6217.001
Latvia,2011,6193.001
Latvia,2012,6851.0
Latvia,2013,6580.068
Latvia,2014,6584.101
Latvia,2015,6463.238
Latvia,2016,6483.9999
Latvia,2017,6485.6756000000005
Latvia,2018,6663.6633
Latvia,2019,6637.6634
Latvia,2020,6689.8993
Latvia,2021,6931.2412
Latvia,2022,6748.3729
Latvia,2023,6558.7941
Latvia,2024,6753.1411
Latvia,2025,6687.0773
Latvia,2026,1358.2325
Lithuania,2010,9327.0
Lithuania,2011,9546.999
Lithuania,2012,9727.316
Lithuania,2013,9772.780999999999
Lithuania,2014,10011.985
Lithuania,2015,10167.312
Lithuania,2016,10629.449
Lithuania,2017,10960.2
Lithuania,2018,11286.0
Lithuania,2019,11411.9999
Lithuania,2020,11157.1998
Lithuania,2021,11956.5999
Lithuania,2022,11454.4438
Lithuania,2023,11064.4
Lithuania,2024,11608.3
Lithuania,2025,15577.6647
Lithuania,2026,2837.8468
Luxembourg,2010,6592.777
Luxembourg,2011,6492.609
Luxembourg,2012,6219.798
Luxembourg,2013,6183.632
Luxembourg,2014,6182.157
Luxembourg,2015,6228.507
Luxembourg,2016,6365.7723000000005
Luxembourg,2017,6392.9963
Luxembourg,2018,6458.4939
Luxembourg,2019,6396.6962
Luxembourg,2020,6119.8613
Luxembourg,2021,6392.7611
Luxembourg,2022,6180.483
Luxembourg,2023,6084.0829
Luxembourg,2024,6225.1121
Luxembourg,2025,5938.7728
Luxembourg,2026,1037.3414
Mexico,2010,219132.72
Mexico,2011,233796.908
Mexico,2012,241415.813
Mexico,2013,244540.384
Mexico,2014,248198.736
Mexico,2015,256466.946
Mexico,2016,263166.9097
Mexico,2017,255209.0639
Mexico,2018,273025.4935
Mexico,2019,281653.2422
Mexico,2020,283923.1858
Mexico,2021,288508.8325
Mexico,2022,304731.3665
Mexico,2023,314367.9584
Mexico,2024,318348.8531
Mexico,2025,319447.5574
Mexico,2026,45888.1418
Netherlands,2010,111967.008
Netherlands,2011,113035.64199999999
Netherlands,2012,111093.137
Netherlands,2013,110553.791
Netherlands,2014,108507.696
Netherlands,2015,109386.05
Netherlands,2016,110469.535
Netherlands,2017,111491.4618
Netherlands,2018,113484.71399999999
Netherlands,2019,113655.9601
Netherlands,2020,112435.362
Netherlands,2021,113742.1969
Netherlands,2022,108139.412
Netherlands,2023,107141.8049
Netherlands,2024,111296.6979
Netherlands,2025,113290.82860000001
Netherlands,2026,20718.3257
New Zealand,2010,40344.719
New Zealand,2011,40061.772
New Zealand,2012,39802.912
New Zealand,2013,38975.704
New Zealand,2014,39383.411
New Zealand,2015,39993.786
New Zealand,2016,39748.1945
New Zealand,2017,40165.2036
New Zealand,2018,40312.0485
New Zealand,2019,40589.8158
New Zealand,2020,40226.0085
New Zealand,2021,40369.7907
New Zealand,2022,40201.8295
New Zealand,2023,40535.6421
New Zealand,2024,40833.152
New Zealand,2025,39970.2912
New Zealand,2026,6034.048
Norway,2010,120546.0
Norway,2011,114847.998
Norway,2012,118606.00200000001
Norway,2013,119617.999
Norway,2014,117155.0
Norway,2015,120177.999
Norway,2016,122026.003
Norway,2017,123380.003
Norway,2018,127586.344
Norway,2019,126066.154
Norway,2020,126474.4721
Norway,2021,132020.6082
Norway,2022,125289.34700000001
Norway,2023,127332.055
Norway,2024,129628.8391
Norway,2025,129527.98060000001
Norway,2026,28487.4478
OECD Americas,2010,4678959.722
OECD Americas,2011,4701999.909
OECD Americas,2012,4651967.814
OECD Americas,2013,4715098.381
OECD Americas,2014,4809217.036
OECD Americas,2015,4834202.945
OECD Americas,2016,4873639.0035
OECD Americas,2017,4832924.5841
OECD Americas,2018,5019729.8499
OECD Americas,2019,4951486.8813000005
OECD Americas,2020,4880532.2591
OECD Americas,2021,4966348.3505
OECD Americas,2022,5163029.3867
OECD Americas,2023,5070448.3289
OECD Americas,2024,5230763.335
OECD Americas,2025,5383900.7587
OECD Americas,2026,908912.5081
OECD Asia Oceania,2010,1774212.405
OECD Asia Oceania,2011,1763966.184
OECD Asia Oceania,2012,1777373.727
OECD Asia Oceania,2013,1758697.012
OECD Asia Oceania,2014,1770125.029
OECD Asia Oceania,2015,1761787.1792000001
OECD Asia Oceania,2016,1765117.9942
OECD Asia Oceania,2017,1774765.5864
OECD Asia Oceania,2018,1800019.2068
OECD Asia Oceania,2019,1764640.8069
OECD Asia Oceania,2020,1728421.949
OECD Asia Oceania,2021,1780633.9371
OECD Asia Oceania,2022,1802062.7633
OECD Asia Oceania,2023,1750269.1447
OECD Asia Oceania,2024,1808185.0206
OECD Asia Oceania,2025,1818581.2091
OECD Asia Oceania,2026,323128.35719999997
OECD Europe,2010,3221385.032
OECD Europe,2011,3175095.913
OECD Europe,2012,3189089.878
OECD Europe,2013,3171918.363
OECD Europe,2014,3111507.035
OECD Europe,2015,3168881.865
OECD Europe,2016,3206609.5141
OECD Europe,2017,3241832.7543
OECD Europe,2018,3257020.4403
OECD Europe,2019,3223679.7675
OECD Europe,2020,3123330.344
OECD Europe,2021,3263708.9514
OECD Europe,2022,3152335.7155
OECD Europe,2023,3095089.2981000002
OECD Europe,2024,3164560.3945999998
OECD Europe,2025,3202876.3389999997
OECD Europe,2026,593527.2919000001
OECD Total,2010,9674557.159
OECD Total,2011,9641062.006
OECD Total,2012,9618431.419
OECD Total,2013,9645713.756
OECD Total,2014,9690849.1
OECD Total,2015,9764871.9892
OECD Total,2016,9845366.3978
OECD Total,2017,9849522.7425
OECD Total,2018,10078226.7192
OECD Total,2019,9925742.195799999
OECD Total,2020,9719233.0336
OECD Total,2021,10010691.2394
OECD Total,2022,10117427.865699999
OECD Total,2023,9915806.772
OECD Total,2024,10203508.7501
OECD Total,2025,10405358.3069
OECD Total,2026,1825568.1572
Poland,2010,129424.001
Poland,2011,132388.175
Poland,2012,133278.002
Poland,2013,134481.001
Poland,2014,136308.001
Poland,2015,138926.999
Poland,2016,143762.198
Poland,2017,144375.8008
Poland,2018,151195.5692
Poland,2019,151799.7555
Poland,2020,147994.5083
Poland,2021,157060.1469
Poland,2022,151096.6656
Poland,2023,146025.065
Poland,2024,151653.6371
Poland,2025,157537.9194
Poland,2026,28621.624499999998
Portugal,2010,50613.301
Portugal,2011,49114.051999999996
Portugal,2012,47111.704
Portugal,2013,46273.902
Portugal,2014,46140.109
Portugal,2015,46852.182
Portugal,2016,47355.711
Portugal,2017,47660.3002
Portugal,2018,48897.03
Portugal,2019,48809.9999
Portugal,2020,47245.9988
Portugal,2021,48138.8263
Portugal,2022,49471.335999999996
Portugal,2023,50232.191999999995
Portugal,2024,51357.287
Portugal,2025,53801.1056
Portugal,2026,10019.0728
Republic of Turkiye,2010,172050.001
Republic of Turkiye,2011,186099.99899999998
Republic of Turkiye,2012,194922.999
Republic of Turkiye,2013,198044.998
Republic of Turkiye,2014,207375.001
Republic of Turkiye,2015,217313.0
Republic of Turkiye,2016,231855.1131
Republic of Turkiye,2017,249022.1124
Republic of Turkiye,2018,257280.0668
Republic of Turkiye,2019,257273.0912
Republic of Turkiye,2020,262702.2879
Republic of Turkiye,2021,286692.0643
Republic of Turkiye,2022,286578.8867
Republic of Turkiye,2023,289385.2384
Republic of Turkiye,2024,308675.1808
Republic of Turkiye,2025,316949.7522
Republic of Turkiye,2026,53258.01179999999
Slovak Republic,2010,25079.999
Slovak Republic,2011,25796.22
Slovak Republic,2012,24899.0
Slovak Republic,2013,26051.0
Slovak Republic,2014,25098.999
Slovak Republic,2015,25374.0
Slovak Republic,2016,25982.003
Slovak Republic,2017,27033.1758
Slovak Republic,2018,26906.0434
Slovak Republic,2019,26051.060400000002
Slovak Republic,2020,24712.2976
Slovak Republic,2021,26472.6175
Slovak Republic,2022,23992.182
Slovak Republic,2023,22151.0
Slovak Republic,2024,22141.878
Slovak Republic,2025,22272.7619
Slovak Republic,2026,4324.3368
Slovenia,2010,12062.8
Slovenia,2011,12611.964
Slovenia,2012,12539.63
Slovenia,2013,12587.856
Slovenia,2014,12559.053
Slovenia,2015,12894.166
Slovenia,2016,13121.51
Slovenia,2017,13622.630000000001
Slovenia,2018,13807.675
Slovenia,2019,13775.681
Slovenia,2020,13046.905200000001
Slovenia,2021,13550.0489
Slovenia,2022,13127.7089
Slovenia,2023,12456.0201
Slovenia,2024,12455.2382
Slovenia,2025,12578.2482
Slovenia,2026,2376.8792999999996
Spain,2010,250760.001
Spain,2011,247945.001
Spain,2012,244677.002
Spain,2013,236045.999
Spain,2014,233379.001
Spain,2015,238589.0
Spain,2016,240471.99599999998
Spain,2017,246657.0
Spain,2018,246133.9999
Spain,2019,242843.3261
Spain,2020,227619.584
Spain,2021,235109.439
Spain,2022,232148.8638
Spain,2023,230499.1419
Spain,2024,236642.90409999999
Spain,2025,245931.3924
Spain,2026,41934.0799
Sweden,2010,136633.618
Sweden,2011,128961.02
Sweden,2012,132116.026
Sweden,2013,129341.044
Sweden,2014,126845.0
Sweden,2015,129275.0
Sweden,2016,132056.5626
Sweden,2017,132003.0
Sweden,2018,131859.0
Sweden,2019,128862.0001
Sweden,2020,127539.0
Sweden,2021,132360.0001
Sweden,2022,126931.0002
Sweden,2023,124955.9999
Sweden,2024,126345.6301
Sweden,2025,123334.5424
Sweden,2026,27552.3637
Switzerland,2010,59785.0
Switzerland,2011,58599.001000000004
Switzerland,2012,58972.002
Switzerland,2013,59322.998
Switzerland,2014,57465.998999999996
Switzerland,2015,58246.998
Switzerland,2016,58238.891
Switzerland,2017,58486.109899999996
Switzerland,2018,57647.222
Switzerland,2019,57197.203
Switzerland,2020,55713.8862
Switzerland,2021,58113.8889
Switzerland,2022,57030.556
Switzerland,2023,56711.111000000004
Switzerland,2024,57513.8869
Switzerland,2025,58195.419200000004
Switzerland,2026,11019.4849
United Kingdom,2010,337510.972
United Kingdom,2011,325919.902
United Kingdom,2012,325481.251
United Kingdom,2013,324385.418
United Kingdom,2014,310805.801
United Kingdom,2015,316235.03
United Kingdom,2016,309310.6472
United Kingdom,2017,304914.9889
United Kingdom,2018,308868.106
United Kingdom,2019,304217.8761
United Kingdom,2020,294303.235
United Kingdom,2021,298861.3419
United Kingdom,2022,279039.359
United Kingdom,2023,277998.633
United Kingdom,2024,278704.8288
United Kingdom,2025,280406.4286
United Kingdom,2026,50656.6367
United States,2010,3894367.001
United States,2011,3885019.0
United States,2012,3830933.002
United States,2013,3871734.999
United States,2014,3895216.002
United States,2015,3895365.002
United States,2016,3922010.62
United States,2017,3886956.079
United States,2018,4042840.013
United States,2019,3964472.6861
United States,2020,3903674.4171
United States,2021,3956919.174
United States,2022,4126373.054
United States,2023,4023172.6129
United States,2024,4167072.5452
United States,2025,4295773.6284
United States,2026,719290.7479000001
